date	rakupp_commit	rakudo	cxx	cpu	kernel	interp_min	interp_med	native_min	native_med	rakudo_min	rakudo_med	perl_min	perl_med	flags
2026-08-22	adc9230d152eac1de98c80e5665f4ef2ace20ad2	v2026.07	clang++: Ubuntu clang version 18.1.3 (1ubuntu1)	AMD EPYC 7763 64-Core Processor	startup	4.0	4.2	3.7	4.1	169.2	179.6			ok
2026-08-22	adc9230d152eac1de98c80e5665f4ef2ace20ad2	v2026.07	clang++: Ubuntu clang version 18.1.3 (1ubuntu1)	AMD EPYC 7763 64-Core Processor	loopsum	354.1	362.8	26.3	27.3	325.5	336.3			ok
2026-08-22	adc9230d152eac1de98c80e5665f4ef2ace20ad2	v2026.07	clang++: Ubuntu clang version 18.1.3 (1ubuntu1)	AMD EPYC 7763 64-Core Processor	fib	866.2	877.9	123.7	124.6	544.2	552.3			ok
2026-08-22	adc9230d152eac1de98c80e5665f4ef2ace20ad2	v2026.07	clang++: Ubuntu clang version 18.1.3 (1ubuntu1)	AMD EPYC 7763 64-Core Processor	strcat	29.0	30.2	4.8	5.3	198.5	204.7			ok
2026-08-22	adc9230d152eac1de98c80e5665f4ef2ace20ad2	v2026.07	clang++: Ubuntu clang version 18.1.3 (1ubuntu1)	AMD EPYC 7763 64-Core Processor	arrayops	116.6	122.9	119.7	122.7	333.2	338.1			ok
2026-08-22	adc9230d152eac1de98c80e5665f4ef2ace20ad2	v2026.07	clang++: Ubuntu clang version 18.1.3 (1ubuntu1)	AMD EPYC 7763 64-Core Processor	sortnums	60.1	61.9	37.5	39.8	325.7	332.8			ok
2026-08-22	adc9230d152eac1de98c80e5665f4ef2ace20ad2	v2026.07	clang++: Ubuntu clang version 18.1.3 (1ubuntu1)	AMD EPYC 7763 64-Core Processor	regex	106.5	107.0	56.1	56.9	323.2	331.7			ok
2026-08-22	adc9230d152eac1de98c80e5665f4ef2ace20ad2	v2026.07	clang++: Ubuntu clang version 18.1.3 (1ubuntu1)	AMD EPYC 7763 64-Core Processor	hash	62.4	66.2	14.8	15.7	250.9	255.0			ok
2026-08-22	adc9230d152eac1de98c80e5665f4ef2ace20ad2	v2026.07	clang++: Ubuntu clang version 18.1.3 (1ubuntu1)	AMD EPYC 7763 64-Core Processor	hashfill	358.0	366.9	130.2	140.0	679.0	712.4	124.6	134.1	ok
2026-08-22	adc9230d152eac1de98c80e5665f4ef2ace20ad2	v2026.07	clang++: Ubuntu clang version 18.1.3 (1ubuntu1)	AMD EPYC 7763 64-Core Processor	bigint	36.3	36.6	33.6	34.0	251.6	257.4			ok
2026-08-22	adc9230d152eac1de98c80e5665f4ef2ace20ad2	v2026.07	clang++: Ubuntu clang version 18.1.3 (1ubuntu1)	AMD EPYC 7763 64-Core Processor	streq	818.5	837.5	44.4	44.8	380.9	384.1			ok
2026-08-24	7d6914e62b5aa6a9642857ab5a31fe4c720d89f3	v2026.07	clang++: Ubuntu clang version 18.1.3 (1ubuntu1)	AMD EPYC 9V74 80-Core Processor	startup	3.4	3.8	3.0	3.3	132.6	135.6			ok
2026-08-24	7d6914e62b5aa6a9642857ab5a31fe4c720d89f3	v2026.07	clang++: Ubuntu clang version 18.1.3 (1ubuntu1)	AMD EPYC 9V74 80-Core Processor	loopsum	136.6	144.9	23.6	24.0	247.2	254.2			ok
2026-08-24	7d6914e62b5aa6a9642857ab5a31fe4c720d89f3	v2026.07	clang++: Ubuntu clang version 18.1.3 (1ubuntu1)	AMD EPYC 9V74 80-Core Processor	fib	585.9	587.1	92.3	92.7	413.9	419.7			ok
2026-08-24	7d6914e62b5aa6a9642857ab5a31fe4c720d89f3	v2026.07	clang++: Ubuntu clang version 18.1.3 (1ubuntu1)	AMD EPYC 9V74 80-Core Processor	strcat	13.6	14.0	4.2	4.5	151.6	155.4			ok
2026-08-24	7d6914e62b5aa6a9642857ab5a31fe4c720d89f3	v2026.07	clang++: Ubuntu clang version 18.1.3 (1ubuntu1)	AMD EPYC 9V74 80-Core Processor	arrayops	88.2	89.7	89.1	89.5	250.4	259.8			ok
2026-08-24	7d6914e62b5aa6a9642857ab5a31fe4c720d89f3	v2026.07	clang++: Ubuntu clang version 18.1.3 (1ubuntu1)	AMD EPYC 9V74 80-Core Processor	arraypush	231.9	232.5	94.0	95.0	376.8	385.2			ok
2026-08-24	7d6914e62b5aa6a9642857ab5a31fe4c720d89f3	v2026.07	clang++: Ubuntu clang version 18.1.3 (1ubuntu1)	AMD EPYC 9V74 80-Core Processor	sortnums	45.6	48.2	29.5	31.0	245.8	252.0			ok
2026-08-24	7d6914e62b5aa6a9642857ab5a31fe4c720d89f3	v2026.07	clang++: Ubuntu clang version 18.1.3 (1ubuntu1)	AMD EPYC 9V74 80-Core Processor	sortby	57.5	62.3	37.6	38.3	244.5	293.5			ok
2026-08-24	7d6914e62b5aa6a9642857ab5a31fe4c720d89f3	v2026.07	clang++: Ubuntu clang version 18.1.3 (1ubuntu1)	AMD EPYC 9V74 80-Core Processor	regex	74.8	76.9	40.6	41.1	249.5	253.5			ok
2026-08-24	7d6914e62b5aa6a9642857ab5a31fe4c720d89f3	v2026.07	clang++: Ubuntu clang version 18.1.3 (1ubuntu1)	AMD EPYC 9V74 80-Core Processor	hash	36.4	37.1	11.5	11.7	193.0	204.9			ok
2026-08-24	7d6914e62b5aa6a9642857ab5a31fe4c720d89f3	v2026.07	clang++: Ubuntu clang version 18.1.3 (1ubuntu1)	AMD EPYC 9V74 80-Core Processor	hashfill	233.8	235.0	109.3	116.2	603.4	616.8	119.3	121.6	ok
2026-08-24	7d6914e62b5aa6a9642857ab5a31fe4c720d89f3	v2026.07	clang++: Ubuntu clang version 18.1.3 (1ubuntu1)	AMD EPYC 9V74 80-Core Processor	bigint	31.0	31.2	28.4	28.4	204.8	210.3			ok
2026-08-24	7d6914e62b5aa6a9642857ab5a31fe4c720d89f3	v2026.07	clang++: Ubuntu clang version 18.1.3 (1ubuntu1)	AMD EPYC 9V74 80-Core Processor	streq	449.5	455.0	35.1	35.5	262.6	266.6			ok
2026-08-24	7d6914e62b5aa6a9642857ab5a31fe4c720d89f3	v2026.07	clang++: Ubuntu clang version 18.1.3 (1ubuntu1)	AMD EPYC 9V74 80-Core Processor	textsplit	96.8	98.0	62.9	63.8	296.2	310.6	16.1	16.6	ok
2026-08-24	7d6914e62b5aa6a9642857ab5a31fe4c720d89f3	v2026.07	clang++: Ubuntu clang version 18.1.3 (1ubuntu1)	AMD EPYC 9V74 80-Core Processor	rats	328.4	332.4	158.8	159.7	291.6	295.2			ok
2026-08-24	7d6914e62b5aa6a9642857ab5a31fe4c720d89f3	v2026.07	clang++: Ubuntu clang version 18.1.3 (1ubuntu1)	AMD EPYC 9V74 80-Core Processor	objects	772.0	781.4	434.3	435.4	252.6	261.4			ok
2026-08-31	9bd8b08ab41eb6244c17cb9f20fb0c1d675f1120	v2026.07	clang++: Ubuntu clang version 18.1.3 (1ubuntu1)	AMD EPYC 7763 64-Core Processor	startup	3.6	4.0	3.7	3.8	162.4	164.3			ok
2026-08-31	9bd8b08ab41eb6244c17cb9f20fb0c1d675f1120	v2026.07	clang++: Ubuntu clang version 18.1.3 (1ubuntu1)	AMD EPYC 7763 64-Core Processor	loopsum	171.2	172.1	26.3	27.8	311.8	327.2			ok
2026-08-31	9bd8b08ab41eb6244c17cb9f20fb0c1d675f1120	v2026.07	clang++: Ubuntu clang version 18.1.3 (1ubuntu1)	AMD EPYC 7763 64-Core Processor	fib	837.9	860.0	122.4	125.5	529.5	540.9			ok
2026-08-31	9bd8b08ab41eb6244c17cb9f20fb0c1d675f1120	v2026.07	clang++: Ubuntu clang version 18.1.3 (1ubuntu1)	AMD EPYC 7763 64-Core Processor	strcat	16.3	18.0	5.1	5.4	190.8	206.8			ok
2026-08-31	9bd8b08ab41eb6244c17cb9f20fb0c1d675f1120	v2026.07	clang++: Ubuntu clang version 18.1.3 (1ubuntu1)	AMD EPYC 7763 64-Core Processor	arrayops	112.3	116.0	115.0	116.7	323.5	331.6			ok
2026-08-31	9bd8b08ab41eb6244c17cb9f20fb0c1d675f1120	v2026.07	clang++: Ubuntu clang version 18.1.3 (1ubuntu1)	AMD EPYC 7763 64-Core Processor	arraypush	323.0	328.7	131.8	133.9	475.1	486.2			ok
2026-08-31	9bd8b08ab41eb6244c17cb9f20fb0c1d675f1120	v2026.07	clang++: Ubuntu clang version 18.1.3 (1ubuntu1)	AMD EPYC 7763 64-Core Processor	sortnums	62.5	65.5	35.8	37.1	321.5	324.7			ok
2026-08-31	9bd8b08ab41eb6244c17cb9f20fb0c1d675f1120	v2026.07	clang++: Ubuntu clang version 18.1.3 (1ubuntu1)	AMD EPYC 7763 64-Core Processor	sortby	74.5	75.8	48.5	49.7	309.8	373.3			ok
2026-08-31	9bd8b08ab41eb6244c17cb9f20fb0c1d675f1120	v2026.07	clang++: Ubuntu clang version 18.1.3 (1ubuntu1)	AMD EPYC 7763 64-Core Processor	regex	101.2	102.6	56.8	63.2	323.7	334.4			ok
2026-08-31	9bd8b08ab41eb6244c17cb9f20fb0c1d675f1120	v2026.07	clang++: Ubuntu clang version 18.1.3 (1ubuntu1)	AMD EPYC 7763 64-Core Processor	hash	53.4	54.7	14.0	14.6	240.3	247.7			ok
2026-08-31	9bd8b08ab41eb6244c17cb9f20fb0c1d675f1120	v2026.07	clang++: Ubuntu clang version 18.1.3 (1ubuntu1)	AMD EPYC 7763 64-Core Processor	hashfill	301.4	311.6	123.4	131.4	645.7	651.1	120.5	127.0	ok
2026-08-31	9bd8b08ab41eb6244c17cb9f20fb0c1d675f1120	v2026.07	clang++: Ubuntu clang version 18.1.3 (1ubuntu1)	AMD EPYC 7763 64-Core Processor	bigint	35.7	36.1	33.0	33.3	247.0	247.8			ok
2026-08-31	9bd8b08ab41eb6244c17cb9f20fb0c1d675f1120	v2026.07	clang++: Ubuntu clang version 18.1.3 (1ubuntu1)	AMD EPYC 7763 64-Core Processor	streq	644.8	653.2	46.6	47.2	374.8	384.6			ok
2026-08-31	9bd8b08ab41eb6244c17cb9f20fb0c1d675f1120	v2026.07	clang++: Ubuntu clang version 18.1.3 (1ubuntu1)	AMD EPYC 7763 64-Core Processor	textsplit	131.3	132.6	83.1	84.6	366.5	371.6	21.0	21.2	ok
2026-08-31	9bd8b08ab41eb6244c17cb9f20fb0c1d675f1120	v2026.07	clang++: Ubuntu clang version 18.1.3 (1ubuntu1)	AMD EPYC 7763 64-Core Processor	rats	460.6	462.7	223.9	231.3	409.7	412.4			ok
2026-08-31	9bd8b08ab41eb6244c17cb9f20fb0c1d675f1120	v2026.07	clang++: Ubuntu clang version 18.1.3 (1ubuntu1)	AMD EPYC 7763 64-Core Processor	objects	980.0	986.5	636.2	640.4	356.5	373.3			ok
2026-09-07	1c559dd0cf98a83bf9a9b53c84796dadbef0588a	v2026.07	clang++: Ubuntu clang version 18.1.3 (1ubuntu1)	AMD EPYC 9V74 80-Core Processor	startup	4.5	5.0	3.8	4.3			161.4	173.0			ok
2026-09-07	1c559dd0cf98a83bf9a9b53c84796dadbef0588a	v2026.07	clang++: Ubuntu clang version 18.1.3 (1ubuntu1)	AMD EPYC 9V74 80-Core Processor	loopsum	171.3	177.9	24.0	24.5			311.9	325.2			ok
2026-09-07	1c559dd0cf98a83bf9a9b53c84796dadbef0588a	v2026.07	clang++: Ubuntu clang version 18.1.3 (1ubuntu1)	AMD EPYC 9V74 80-Core Processor	fib	722.1	732.1	104.3	105.4			526.6	530.5			ok
2026-09-07	1c559dd0cf98a83bf9a9b53c84796dadbef0588a	v2026.07	clang++: Ubuntu clang version 18.1.3 (1ubuntu1)	AMD EPYC 9V74 80-Core Processor	strcat	15.8	16.1	5.1	5.7			194.1	200.8			ok
2026-09-07	1c559dd0cf98a83bf9a9b53c84796dadbef0588a	v2026.07	clang++: Ubuntu clang version 18.1.3 (1ubuntu1)	AMD EPYC 9V74 80-Core Processor	arrayops	109.8	112.8	110.7	111.8			308.8	314.7			ok
2026-09-07	1c559dd0cf98a83bf9a9b53c84796dadbef0588a	v2026.07	clang++: Ubuntu clang version 18.1.3 (1ubuntu1)	AMD EPYC 9V74 80-Core Processor	arraypush	332.2	340.4	127.1	130.9			454.7	469.8			ok
2026-09-07	1c559dd0cf98a83bf9a9b53c84796dadbef0588a	v2026.07	clang++: Ubuntu clang version 18.1.3 (1ubuntu1)	AMD EPYC 9V74 80-Core Processor	sortnums	58.3	63.6	32.6	33.5			303.1	304.0			ok
2026-09-07	1c559dd0cf98a83bf9a9b53c84796dadbef0588a	v2026.07	clang++: Ubuntu clang version 18.1.3 (1ubuntu1)	AMD EPYC 9V74 80-Core Processor	sortby	71.3	71.9	46.1	48.2			363.4	369.0			ok
2026-09-07	1c559dd0cf98a83bf9a9b53c84796dadbef0588a	v2026.07	clang++: Ubuntu clang version 18.1.3 (1ubuntu1)	AMD EPYC 9V74 80-Core Processor	regex	103.3	105.0	57.7	59.8			306.0	310.0			ok
2026-09-07	1c559dd0cf98a83bf9a9b53c84796dadbef0588a	v2026.07	clang++: Ubuntu clang version 18.1.3 (1ubuntu1)	AMD EPYC 9V74 80-Core Processor	hash	58.4	62.0	14.1	15.4			240.1	248.6			ok
2026-09-07	1c559dd0cf98a83bf9a9b53c84796dadbef0588a	v2026.07	clang++: Ubuntu clang version 18.1.3 (1ubuntu1)	AMD EPYC 9V74 80-Core Processor	hashfill	329.3	331.7	134.2	140.0			696.9	707.7	143.7	146.4	ok
2026-09-07	1c559dd0cf98a83bf9a9b53c84796dadbef0588a	v2026.07	clang++: Ubuntu clang version 18.1.3 (1ubuntu1)	AMD EPYC 9V74 80-Core Processor	bigint	12.3	18.1	10.7	11.2			263.9	275.5			ok
2026-09-07	1c559dd0cf98a83bf9a9b53c84796dadbef0588a	v2026.07	clang++: Ubuntu clang version 18.1.3 (1ubuntu1)	AMD EPYC 9V74 80-Core Processor	streq	652.4	661.6	41.7	42.0			330.5	336.3			ok
2026-09-07	1c559dd0cf98a83bf9a9b53c84796dadbef0588a	v2026.07	clang++: Ubuntu clang version 18.1.3 (1ubuntu1)	AMD EPYC 9V74 80-Core Processor	textsplit	132.9	136.1	82.5	86.3			352.4	361.2	20.6	20.8	ok
2026-09-07	1c559dd0cf98a83bf9a9b53c84796dadbef0588a	v2026.07	clang++: Ubuntu clang version 18.1.3 (1ubuntu1)	AMD EPYC 9V74 80-Core Processor	rats	452.9	459.5	222.2	224.1			366.7	371.9			ok
2026-09-07	1c559dd0cf98a83bf9a9b53c84796dadbef0588a	v2026.07	clang++: Ubuntu clang version 18.1.3 (1ubuntu1)	AMD EPYC 9V74 80-Core Processor	objects	953.6	987.8	635.0	639.9			313.0	324.8			ok
2026-09-14	dda1ffbb6e749d7a4e34e2dbf7d18d7fa2f397b7	v2026.07	clang++: Ubuntu clang version 18.1.3 (1ubuntu1)	AMD EPYC 7763 64-Core Processor	startup	4.1	4.4	3.5	3.9			165.5	169.1			ok
2026-09-14	dda1ffbb6e749d7a4e34e2dbf7d18d7fa2f397b7	v2026.07	clang++: Ubuntu clang version 18.1.3 (1ubuntu1)	AMD EPYC 7763 64-Core Processor	loopsum	177.3	178.8	22.2	29.8			325.3	330.9			ok
2026-09-14	dda1ffbb6e749d7a4e34e2dbf7d18d7fa2f397b7	v2026.07	clang++: Ubuntu clang version 18.1.3 (1ubuntu1)	AMD EPYC 7763 64-Core Processor	fib	825.8	830.4	101.3	106.5			541.2	552.4			ok
2026-09-14	dda1ffbb6e749d7a4e34e2dbf7d18d7fa2f397b7	v2026.07	clang++: Ubuntu clang version 18.1.3 (1ubuntu1)	AMD EPYC 7763 64-Core Processor	strcat	16.8	17.9	5.1	5.4			188.0	209.6			ok
2026-09-14	dda1ffbb6e749d7a4e34e2dbf7d18d7fa2f397b7	v2026.07	clang++: Ubuntu clang version 18.1.3 (1ubuntu1)	AMD EPYC 7763 64-Core Processor	arrayops	111.1	113.4	110.3	113.4			333.9	338.1			ok
2026-09-14	dda1ffbb6e749d7a4e34e2dbf7d18d7fa2f397b7	v2026.07	clang++: Ubuntu clang version 18.1.3 (1ubuntu1)	AMD EPYC 7763 64-Core Processor	arraypush	359.3	365.5	136.9	141.9			489.4	499.5			ok
2026-09-14	dda1ffbb6e749d7a4e34e2dbf7d18d7fa2f397b7	v2026.07	clang++: Ubuntu clang version 18.1.3 (1ubuntu1)	AMD EPYC 7763 64-Core Processor	sortnums	61.7	64.9	33.8	34.3			318.3	326.8			ok
2026-09-14	dda1ffbb6e749d7a4e34e2dbf7d18d7fa2f397b7	v2026.07	clang++: Ubuntu clang version 18.1.3 (1ubuntu1)	AMD EPYC 7763 64-Core Processor	sortby	74.7	75.6	47.7	50.5			306.9	370.2			ok
2026-09-14	dda1ffbb6e749d7a4e34e2dbf7d18d7fa2f397b7	v2026.07	clang++: Ubuntu clang version 18.1.3 (1ubuntu1)	AMD EPYC 7763 64-Core Processor	regex	108.1	113.6	61.3	63.5			325.3	327.9			ok
2026-09-14	dda1ffbb6e749d7a4e34e2dbf7d18d7fa2f397b7	v2026.07	clang++: Ubuntu clang version 18.1.3 (1ubuntu1)	AMD EPYC 7763 64-Core Processor	hash	65.0	68.5	13.9	14.7			247.8	249.9			ok
2026-09-14	dda1ffbb6e749d7a4e34e2dbf7d18d7fa2f397b7	v2026.07	clang++: Ubuntu clang version 18.1.3 (1ubuntu1)	AMD EPYC 7763 64-Core Processor	hashfill	338.6	350.1	129.9	140.7			691.4	697.1	123.2	135.0	ok
2026-09-14	dda1ffbb6e749d7a4e34e2dbf7d18d7fa2f397b7	v2026.07	clang++: Ubuntu clang version 18.1.3 (1ubuntu1)	AMD EPYC 7763 64-Core Processor	bigint	12.2	15.7	9.4	9.9			257.1	261.7			ok
2026-09-14	dda1ffbb6e749d7a4e34e2dbf7d18d7fa2f397b7	v2026.07	clang++: Ubuntu clang version 18.1.3 (1ubuntu1)	AMD EPYC 7763 64-Core Processor	streq	732.4	756.0	41.2	49.9			368.9	376.8			ok
2026-09-14	dda1ffbb6e749d7a4e34e2dbf7d18d7fa2f397b7	v2026.07	clang++: Ubuntu clang version 18.1.3 (1ubuntu1)	AMD EPYC 7763 64-Core Processor	textsplit	141.9	147.9	85.8	88.0			382.1	387.3	21.5	21.6	ok
2026-09-14	dda1ffbb6e749d7a4e34e2dbf7d18d7fa2f397b7	v2026.07	clang++: Ubuntu clang version 18.1.3 (1ubuntu1)	AMD EPYC 7763 64-Core Processor	rats	516.0	524.4	228.2	230.3			413.3	417.5			ok
2026-09-14	dda1ffbb6e749d7a4e34e2dbf7d18d7fa2f397b7	v2026.07	clang++: Ubuntu clang version 18.1.3 (1ubuntu1)	AMD EPYC 7763 64-Core Processor	objects	790.2	810.6	413.8	415.6			372.7	384.1			ok
